"Region_number","Region","W-Median-2016","I-Gini-2016","W-Median-2018","I-Gini-2018","W-Median-2021","I-Gini-2021","I-S8020-2016","I-P9010-2016","I-P9050-2016","I-P5010-2016","I-Palma-2016","I-S8020-2018","I-P9010-2018","I-P9050-2018","I-P5010-2018","I-Palma-2018","I-S8020-2021","I-P9010-2021","I-P9050-2021","I-P5010-2021","I-Palma-2021","GHG-Energy-2016","GHG-Industry-2016","GHG-Residential-2016","GHG-Tertiary-2016","GHG-Waste-2016","GHG-Road-2016","GHG-Other_Transp.-2016","GHG-Int._Transp.-2016","GHG-Agriculture-2016","GHG-Total-2016","GHG-Energy-2018","GHG-Industry-2018","GHG-Residential-2018","GHG-Tertiary-2018","GHG-Waste-2018","GHG-Road-2018","GHG-Other_Transp.-2018","GHG-Int._Transp.-2018","GHG-Agriculture-2018","GHG-Total-2018","GHG-Energy-2021","GHG-Industry-2021","GHG-Residential-2021","GHG-Tertiary-2021","GHG-Waste-2021","GHG-Road-2021","GHG-Other_Transp.-2021","GHG-Int._Transp.-2021","GHG-Agriculture-2021","GHG-Total-2021"
"01","Ain",22272,0.3022171622,23420,0.299,24810,0.31,2.11760104302477,3.48003932062695,1.90741738505747,1.82447709027361,2.11428969581143,2.09409594095941,3.41705426356589,1.88215200683177,1.81550387596899,2.08514664143803,2.09196740395809,3.46113989637306,1.88472390165256,1.83641746854182,2.08656849620705,0.186639557132198,1.5741301079284,0.850423125549925,0.610867143588715,0.414221570331244,2.58693868646848,0.0155881982674689,0,1.28612312872575,7.52493151799219,0.171206279683325,1.26839002676062,0.80092044633666,0.584795895542475,0.139545467515579,2.49132290094796,0.0127680876800214,0,1.24581806919498,6.71476717366162,0.0403842583402986,1.31654336526052,1.20427756557484,0.525298862709323,0.332793941539488,2.20835761653122,0.0114476091292805,0,1.01221531937204,6.65131853845701
"02","Aisne",18818,0.2622324384,19690,0.263,20920,0.26,2.05655586838066,3.12478094957336,1.6898359726503,1.84916228565813,1.88759043710911,2.03728560775541,3.09133271202237,1.68461147790757,1.83504193849021,1.8729531338227,2.03886925795053,3.06566104702751,1.65152963671128,1.85625554569654,1.8367889420521,0.119512260968349,1.66790436178613,1.09641142881725,0.591085367209401,0.278778308104311,2.65071301472374,0.0375170668230616,0.00957206592636332,2.55144648378652,9.00294035814513,0.105080106883818,1.58526079658721,0.943774015943653,0.690230287605092,0.431131160248992,2.60945749731834,0.0352912951698194,0.00886337960038357,2.52613074772571,8.93521928708302,0.00685536272657429,1.50321579234606,1.41350894254524,0.716491012185874,0.529728248674115,2.52805372639381,0.0342567773748825,0.00798242408540177,2.23056868639645,8.97066097272841
"03","Allier",19476.1111111111,0.2535404424,20360,0.253,21500,0.254,1.97267840047132,3.00188889596738,1.66855692158485,1.79909289106906,1.84857946465253,1.96199859254046,2.95774647887324,1.65029469548134,1.79225352112676,1.82410423452769,1.97041022192334,2.97118644067797,1.6306976744186,1.82203389830508,1.79794871794872,0.149332442213173,1.70615202138888,1.16946313164522,0.574129525548887,0.291082063649336,3.54015337806012,0.0297092259549708,0,5.05283997944609,12.5128617679067,0.131465865300097,1.41868424576988,1.01729612840312,0.591841484563739,0.420386747235025,3.49574037338048,0.0275865102641125,0,4.84738280076318,11.9503841556796,0.0109583781114062,1.69374608066905,1.50180204259706,0.570147318802983,0.576939507850636,2.14053180864495,0.0254631996807286,0,3.81468181779065,10.3342701541475
"04","Alpes-de-Haute-Provence",19718.8,0.2663539897,20580,0.282,21790,0.282,2.10908533582905,3.24664483806067,1.73901724919028,1.86694228569174,1.94533163144708,2.0995670995671,3.19891500904159,1.71914480077745,1.86075949367089,1.92073832790445,2.09153005464481,3.19636678200692,1.69573198715007,1.88494809688581,1.89099283520983,0.079005540512041,0.551184096057456,0.734812455952912,0.4961117601349,0.250487031959924,2.37361166541222,0.0364884724562038,0,1.44664751454741,5.96834853703307,0.165001233917692,0.445931838863401,0.634491794860368,0.482173613554135,0.433980414790566,2.29244510747335,0.0342331121819975,0,1.41972882434458,5.90798593998608,0.0119569389241053,1.02111103190169,0.904963244184997,0.439271743363776,0.436714547053923,2.16162855494513,0.0310366108707732,0,1.57524797827225,6.58193064951665
"05","Hautes-Alpes",19948.6666666667,0.2556110936,20880,0.256,22010,0.255,2.0027527767139,3.03651378362301,1.69684360400998,1.78950716285644,1.88012483014111,1.98700410396717,3.00084745762712,1.69588122605364,1.76949152542373,1.8715644820296,1.98237597911227,2.98448979591837,1.66106315311222,1.79673469387755,1.82891445722861,0.0437945070741353,0.209482366182841,0.906643614769163,0.595610347137622,0.125169826304081,2.46501632666765,0.044654962265514,0,1.90780643476139,6.2981783851624,0.0384147458018156,0.252516594819595,0.82601597910914,0.561901247017423,0.546957492044949,2.41309359339054,0.0424053286025617,0,1.88090155629867,6.56220653708469,0.0200343244580237,0.286747425818375,1.13254379260909,0.571903036244583,0.361784557538306,2.41276932232402,0.0388385107299282,0,2.08841746528605,6.91303843500837
"06","Alpes-Maritimes",21246,0.30912417,22140,0.313,23460,0.321,2.32334745969117,3.80509439332132,1.88786124446955,2.01555829617683,2.13680640931071,2.30699300699301,3.76645626690712,1.886630532972,1.99639314697926,2.13003569607343,2.31596526386106,3.81834061135371,1.86359761295823,2.04890829694323,2.10495907558979,0.0712604460957918,0.936055415489397,0.730093415417276,0.471955136925886,0.239048613726083,1.44255846410091,0.225384327163231,0.897555316674085,0.0560610228113195,5.06997215840398,0.0621812580653254,0.882477902406954,0.707109728017529,0.460962454793855,0.0170427383212417,1.40024723787738,0.236155027440954,0.940542283205138,0.0557657458758025,4.76248437600418,0.0112121344849522,1.15263792604104,0.851801989408129,0.397193902126759,0.438247539709398,1.73885368289208,0.256571277674847,0.465602840447962,0.0652143909247252,5.3773356837099
"07","Ardèche",19878.0952380952,0.2518900047,20780,0.258,21990,0.254,1.96404748879483,2.97565661113612,1.66236584898428,1.79001307862181,1.84079474262094,1.96485182632667,2.96130696474635,1.65736284889317,1.78675838349097,1.82802547770701,1.97116644823067,2.97037037037037,1.64120054570259,1.80987654320988,1.80540270135068,0.146323033768248,1.34819721605481,0.713794215460535,0.420754794023849,0.125710219267627,1.77956454162513,0.0128719491759895,0,0.893705543891709,5.44092151326789,0.127408772823488,2.89093318077011,0.627918589967213,0.421605766131028,0.048996653495215,1.72725235016674,0.0101122418426942,0,0.872541596638388,6.72676915183487,0.0162507344601309,3.11318133126276,1.03724277612817,0.382652673138337,0.0451410384301273,1.71985171947757,0.00910366629350637,0,0.812603268316262,7.13602720750686
"08","Ardennes",18772.3333333333,0.2598352135,19650,0.26,20850,0.26,2.07604562737643,3.15064484126984,1.69177157874177,1.86233465608466,1.8962562694053,2.05639097744361,3.09193245778612,1.67735368956743,1.84333958724203,1.87060158910329,2.06576125804146,3.10143626570916,1.65707434052758,1.87163375224417,1.84858212948101,0.167599619835418,1.26589970891598,1.19338175074187,0.51966985478315,0.277310004676633,2.16695405880969,0.0275199240170617,0.00508321063010565,3.65335208447083,9.27677021688073,0.148486704260418,1.06730931966524,1.07690043787103,0.518659869080874,0.435625427819074,2.14039033107235,0.0260959083519146,0.00474283776982344,3.60099066548907,9.01920150137979,0.0365054358639144,0.914562151589338,1.84268985093261,0.595564109894573,0.410632756280829,1.84900908390676,0.0250316570365712,0.00427151555114961,3.57513602895501,9.25340259001075
"09","Ariège",18934,0.259337391,19820,0.255,20820,0.257,2.05394218280361,3.16575718490591,1.68520474631175,1.87855938089096,1.87950127626154,2.03777777777778,3.09541627689429,1.66952573158426,1.85406922357343,1.85898876404494,2.04545454545455,3.09090909090909,1.64937560038425,1.87398739873987,1.82951518380394,0.128722201951407,1.30317618423181,0.796879171825286,0.432088135702983,0.175641709882045,2.58440361121799,0.0055491944768085,0,2.39420393208978,7.82066414137811,0.112583302533454,1.17379525925197,0.74176964767954,0.526562828076758,0.213480786947278,2.52125596375864,0.00431578171156633,0,2.29150560987838,7.58526917983758,0.02243520701661,0.886131893174031,1.19452315198244,0.49083368085175,0.196254856973262,1.77962155089259,0.00420980376460382,0,2.56479914335648,7.13880928801177
"10","Aube",19614,0.2701480512,20430,0.274,21530,0.269,2.05072102290645,3.19789424426766,1.74209748139084,1.83565746373421,1.93578449423562,2.04992867332382,3.17170818505338,1.74498286833089,1.81761565836299,1.93224932249322,2.04619565217391,3.14126712328767,1.70413376683697,1.84332191780822,1.88250384812724,0.148490847028437,1.77219916299612,1.04573508955416,0.575209815227439,0.163737140257576,2.9522901643478,0.0373962807933236,0.00115464325393956,2.54707567770738,9.24328882116617,0.125052877406645,1.62661912686494,0.943269119316932,0.512428631837305,0.334143082655461,2.88018675054114,0.0354223530152521,0.00105972551238527,2.49980412715226,8.95798579430233,0.0335480629769089,1.49356016706584,1.45421715358473,0.563190892595109,0.322745618919488,2.6255617309953,0.0321954660131525,0.000939962389662554,1.68404671268666,8.21000576722685
"11","Aude",18339.2307692308,0.2704433288,19240,0.268,20510,0.269,2.12835634327055,3.29184122759459,1.73419972130177,1.89819037978139,1.94607173684273,2.10791925465838,3.23091976516634,1.71621621621622,1.8825831702544,1.92088423502036,2.10711665443874,3.21614100185529,1.69039492930278,1.9025974025974,1.88937329700272,0.0742401489858507,1.76499389128654,0.614620557824427,0.398005923812203,0.113286279699911,3.14439683680739,0.956197866165751,0.264345346178934,0.907295166258782,8.23738201701979,0.0679614637283537,2.66546819973246,0.560610756504293,0.383497894203154,0.367540639574672,3.03123284426257,0.96952573214167,0.30515416044677,0.894234763566706,9.24522645416065,0.0239176028287052,1.82102249867793,0.969909620518737,0.329364439705259,0.305421095102287,2.05984580317096,1.0482022594489,0.156282258850673,0.657979243333687,7.37194482163714
"12","Aveyron",19874.7826086956,0.250968749,20640,0.253,21860,0.255,1.94925160370634,2.91476506130111,1.66670166841675,1.74882230967581,1.83988743242242,1.94440631434454,2.90577249575552,1.65843023255814,1.75212224108659,1.82754938601175,1.94524119947849,2.89741518578352,1.64089661482159,1.76575121163166,1.80796370967742,0.144327634407675,0.734984427212323,0.914974283485173,0.518060506586343,0.108862073094338,2.88895027192467,0.0459937967590898,0.0111204941297349,6.12445236011371,11.4917258477131,0.125970533429288,0.535138046022129,0.771042065224772,0.527956892259534,0.0575170134328345,2.81657935030137,0.0450113340091022,0.011633375294,5.83970613115294,10.730554741126,0.0161450570717267,0.660938437869333,1.19204585139088,0.464829753174648,0.00519872762329618,2.10382987602163,0.0310998826129642,0.00455482141746111,5.79192160617252,10.2705640133545
"13","Bouches-du-Rhône",20523.5714285714,0.3008350637,21360,0.307,22920,0.311,2.36946557279038,3.84198242328195,1.85620714857481,2.06980262210056,2.11495614197417,2.37415982076176,3.82771896053898,1.86189138576779,2.055822906641,2.11655135710484,2.35619314205738,3.79564032697548,1.82329842931937,2.08174386920981,2.06983655274889,2.40025903379986,2.64074943621774,0.664029296000463,0.489827898858697,0.350166286196096,1.6576124021484,0.673793818551817,0.305913235672042,0.154097153767978,9.3364485612131,1.65786455804965,5.89722847330579,0.636003351658559,0.476038661535817,0.300879148622944,1.60274242568028,0.689835403971905,0.325329365564424,0.148520394736376,11.7344417831257,1.44358503612248,5.12569660836078,0.774456619189781,0.42472239751576,0.508280432364344,2.2604341124369,0.689912280905981,0.224406224768776,0.106344957559496,11.5578386692243
"14","Calvados",20554.7619047619,0.2593813185,21490,0.261,22840,0.263,1.97602536160095,2.99720056332223,1.69804934553458,1.76508449015576,1.87308146399055,1.95592105263158,2.96495517522412,1.69288040949279,1.75142624286879,1.86086956521739,1.93819530284302,2.94367283950617,1.67031523642732,1.76234567901235,1.83149303888622,0.125692927665521,1.10381920137129,1.00459113071006,0.627243331740038,0.155689160898633,2.33182939110047,0.0304847877117395,0.116858005018831,2.22431829825635,7.72052623447294,0.109873399729106,1.07838714083831,0.916279401068691,0.43621307772207,0.333719622783028,2.27368417353918,0.0307723233140789,0.136229427144903,2.1982787584251,7.51343732456446,0.0134531358086698,1.10476171323437,1.64773501278865,0.420226004864727,0.488701161090492,2.42544001269993,0.0171914539184587,0.0693406787919309,2.28081138601881,8.46766055921605
"15","Cantal",19573.8095238095,0.2455398207,20510,0.247,21710,0.247,1.89715612304121,2.81107732406603,1.65299963508089,1.70059161805469,1.82195547713792,1.8921302578019,2.78400659521847,1.64651389566065,1.69084913437758,1.81266774020397,1.90324675324675,2.79458598726115,1.61676646706587,1.72850318471338,1.77362304194037,0.101616746555588,0.813133845148922,0.839376646414525,0.465272599476104,0.223295559583211,3.06489797655721,0.0566310156909055,0.000127770545796768,8.25009667229095,13.8144488322632,0.0896148600197915,0.740008916045729,0.759363294799825,0.505248022463901,0.10687996846529,3.01580314212835,0.0547032861881409,0.000135054068918748,7.88449805742544,13.1562546016054,0.0151639321390152,0.639339986022824,1.22724750110576,0.474693627247669,0.0943207725360492,2.44544216644234,0.0423950604435077,5.31466714013647e-05,8.12065183669178,13.0593080293004
"16","Charente",19816.0655737705,0.2574448307,20640,0.261,22000,0.259,1.98694990212427,3.05955952293846,1.6881252171611,1.81240081709323,1.86847886799479,1.97915218902015,3.01132404181185,1.67490310077519,1.79790940766551,1.84767504008552,1.9816393442623,3.00660611065235,1.655,1.81668042939719,1.82414829659319,0.170601890782379,3.07843282858086,0.928523429596726,0.541339068462756,0.157481715688954,3.00927911771183,0.016387975586905,0.000298256276753533,2.6089321957624,10.5112764784496,0.149838753729855,1.49990017435229,0.84316309906604,0.499328111606043,0.198088344847827,2.95629662272159,0.0148525692851851,0.000313972840932965,2.58322662342336,8.74500827187313,0.0131930241732859,1.67559103710833,1.58694023928699,0.534149873311023,0.159746500231087,1.81654911477812,0.0134022560890907,0.000123212191901489,2.00677637884109,7.80647163601091
"17","Charente-Maritime",20270,0.2628873696,21280,0.263,22810,0.262,2.01737417685795,3.08572763373044,1.73787206051636,1.77557813594954,1.92489602622871,1.98931909212283,3.01234567901235,1.71992481203008,1.75144032921811,1.89834024896266,1.97009345794393,2.97685185185185,1.691363437089,1.76003086419753,1.86107091172214,0.0880763201527288,1.15441092432282,0.79403540016524,0.458768731856485,0.154329771749764,2.51097778500611,0.0272841529890414,0.187433379694704,1.4320845248767,6.80740099081359,0.0764684749868687,1.03622628197425,0.730697548907044,0.442031066830883,0.226590010375702,2.43319501549419,0.0262963142434278,0.220044508169783,1.40514461132064,6.59669383230279,0.0117152876953335,0.995578837386994,1.39799361102896,0.439270978450291,0.376852906865872,2.00875734340926,0.0225144543051961,0.113786314714092,0.910097102394787,6.27656683625078
"18","Cher",19932.5,0.2531591755,20880,0.252,22100,0.25,1.97629322226733,3.02509817671809,1.66476859400477,1.81712833099579,1.8390726029928,1.95896032831737,2.97422680412371,1.65804597701149,1.79381443298969,1.82594936708861,1.95262816353018,2.94189852700491,1.62669683257919,1.80851063829787,1.78855721393035,0.157385139145616,1.70300091894323,1.10168723037515,0.543698000493401,0.174037448376239,2.93700374431997,0.0185213477592181,0,3.54564483036715,10.18097865978,0.139331187717569,1.78780339067241,0.912937444606722,0.526336455959085,0.307086623026998,2.90878369866522,0.0173115854825768,0,3.55282148814393,10.1524118742745,0.0307024177943998,1.62949868024955,1.80065243716949,0.844363406522647,0.290703563769326,2.45370126152354,0.0156199951126667,0,2.62368359942949,9.68892536157111
"19","Corrèze",20082.0833333333,0.2486430865,20960,0.248,22140,0.249,1.95475511094699,2.91641500057342,1.6698608982776,1.74650176166265,1.84361242129789,1.93194070080863,2.86115702479339,1.65171755725191,1.73223140495868,1.82018927444795,1.93581514762516,2.8535233570863,1.62782294489612,1.75296912114014,1.78947368421053,0.138648345303162,1.81181699510331,0.962683960975448,0.590909060271708,0.181810101784402,2.93431476404413,0.0424326935880114,0.00010823699458564,3.03886855933411,9.70159271739887,0.121743984954665,1.29300406285707,0.86610855389055,0.536510021317477,0.203434692506947,2.87498949354119,0.0400276411886091,0.000113912327458068,2.94158689394013,8.8775192565241,0.0210954569058207,3.78581671058765,1.6719955105147,0.565508442156424,0.662180386918388,2.80018804261935,0.0346279883779993,4.48088544850824e-05,2.72747163146348,12.2689289783983
"21","Côte-d'Or",21394,0.2632898556,22400,0.268,23720,0.266,2.00767056923698,3.07455257270693,1.71303480726683,1.79479865771812,1.89183701562392,1.97894065092534,3.03256552819698,1.70446428571429,1.77918983320095,1.8807881773399,1.96805304400241,3.02737642585551,1.6783305227656,1.80380228136882,1.84990706319703,0.132129081417389,0.670039695801787,1.14704278884313,0.72377945787694,0.140293906582365,2.92366100980651,0.0403617769218409,0.00279992176300924,1.96139553664875,7.74150317566172,0.115560763073702,0.513522335700284,0.985353962664109,0.659431515896171,0.167329967887664,2.85667061687172,0.0340918081515004,0.00257895347066653,1.9482503657514,7.28279028946722,0.0149331744379708,0.767663451432697,1.98855252459591,0.755339013592452,0.41839067351223,3.03877587529801,0.0296783046580685,0.00228736241466567,1.94971205850043,8.96533243844243
"22","Côtes-d'Armor",20279,0.2427385138,21230,0.243,22670,0.242,1.90412301841014,2.84183604336043,1.65473642684551,1.71739498644986,1.81503678061445,1.88227599738391,2.78668805132318,1.63683466792275,1.70248596631917,1.79123711340206,1.8760736196319,2.7710386656558,1.61226290251434,1.71872630780895,1.75890279114533,0.131393835397994,0.802753478345267,0.720970221827573,0.642366487246443,0.201397383481988,2.12440277564387,0.0216051473216457,0,3.93948607290472,8.5843754021695,0.114798281253687,0.616585242962638,0.620938374685265,0.524610756728911,0.0315529285596615,2.06874524431929,0.0209651205489125,0,3.96459530958284,7.9627912586412,0.00791645404969237,0.70300015171831,1.09678010261209,0.453017849752489,0.335330256291152,1.46534234807867,0.0159993305696285,0,4.29271003583333,8.37009652890536
"23","Creuse",18586.7948717949,0.252543208,19380,0.251,20620,0.254,1.99931818811086,3.04773038679589,1.67233423232651,1.82244094983093,1.85804560075147,1.99850074962519,3.01037735849057,1.64654282765738,1.82830188679245,1.82551487414188,2.01713062098501,3.00630063006301,1.61978661493695,1.85598559855986,1.79184549356223,0.084497206044078,0.416560668585821,1.10163176000829,0.658025083361503,0.118746529472529,3.6736625480158,0.0396546251183493,0,8.81982231344607,14.9126007340524,0.0751599105292176,0.304520085485445,0.984313530852264,0.638864955984917,0.0893633981679635,3.65449776277002,0.0375802266456712,0,8.65253216898321,14.4368320394187,0.00846544477004535,0.823114049897216,1.90869785454564,0.743165675175629,0.00281586773732872,1.75793344973447,0.035006585196779,0,8.43633080384832,13.7155297309054
"24","Dordogne",19279.5,0.2578505461,20140,0.257,21410,0.258,2.00532294941412,3.08323059902007,1.68638536614885,1.82830725462304,1.87220238780759,1.993543758967,3.01164874551971,1.66881827209533,1.80465949820789,1.84873487348735,1.98847457627119,3.00684345594525,1.64175618869687,1.83147989734816,1.8146618482189,0.107771378499398,1.48072720987535,0.953504701687563,0.527343588068325,0.12120783106145,2.28744522127522,0.030046279988548,0.0301925680122861,2.32442176510525,7.86266054357339,0.0945712160446336,1.25727485217893,0.862714570426222,0.515572568547633,0.301291106070681,2.24060992382265,0.028515276271651,0.0317554131401857,2.21061995138838,7.54292487789097,0.0118532693905487,0.927683249744693,1.61100100097163,0.530541200072871,0.308176738523099,1.95167187007919,0.0260093435324509,0.0124405195036411,1.64558940514198,7.0249665969601
"25","Doubs",21662,0.2732221571,22590,0.27,23890,0.279,2.15151607305773,3.37097505668934,1.83005570430554,1.84200680272109,2.0408415416824,2.12077922077922,3.26358475263585,1.78131916777335,1.83211678832117,1.98226600985222,2.15288999378496,3.40504334121355,1.80870657178736,1.88258471237195,2.01727357609711,0.201220626300537,1.41336791752371,1.06587286871544,0.699679778382933,0.119539861294316,2.0698936631264,0.0186961720876839,0,1.54621034424682,7.13448123167784,0.175046664759557,1.23943202101288,0.942711812314175,0.612417656372721,0.0971744168798268,2.00741847498369,0.0154456698758916,0,1.52303762086823,6.61268433706698,0.0138769101195155,1.28228034278236,1.8811087327724,0.715827411129948,0.342446156088973,2.27326885645288,0.0132480008365332,0,1.4727011674724,7.99475757765502
"26","Drôme",20103.3333333333,0.2664781737,21100,0.267,22450,0.266,2.071400912504,3.18535448025626,1.73321173934671,1.83783343254812,1.93158829247913,2.05621096460791,3.14917606244579,1.72085308056872,1.83000867302689,1.91105263157895,2.04049640757675,3.0880195599022,1.68775055679287,1.82966585167074,1.87111111111111,0.20378176347748,1.03832435850953,0.918880617230057,0.585029216283018,0.414054157714018,3.04914098127473,0.0194016956306687,0,0.743313674312188,6.97192646443169,0.177730003185205,0.737462643638342,0.809611888360294,0.580199740106729,0.583988691722736,2.94062169696972,0.0165901810537537,0,0.719176465792277,6.56538131082906,0.0514372407927222,1.3172588650029,1.21500474458583,0.515021767923647,0.591387894482786,2.59982910101608,0.0148224388880699,0,0.665068317918524,6.96983037061056
"27","Eure",20783.3333333333,0.2477264366,21700,0.247,22880,0.245,1.96964025784986,2.97330547818013,1.64349639133921,1.80913416898793,1.81584916359512,1.94871794871795,2.92686935086278,1.64147465437788,1.78307313064914,1.80720446473871,1.9297263681592,2.88024883359253,1.61888111888112,1.77916018662519,1.7799135031235,0.166892448611636,1.22271451195708,0.871064080618578,0.518696890074827,0.11351463546751,2.39329980783143,0.02779678678738,0.00711759758379146,1.72399836930104,7.04509512823327,0.146664542246734,1.05996012963745,0.822393667287155,0.395187706814188,0.113317483304207,2.34192565211658,0.0267652174575039,0.00856340302845595,1.70413811800254,6.61891591989482,0.00577413493623751,1.3132765567752,1.56574608455744,0.39217215350239,0.245218810002449,2.10060950367986,0.0305664115073397,0.00464739259313584,1.61790397248187,7.27591502003593
"28","Eure-et-Loir",21132.6666666667,0.2479405484,22070,0.249,23360,0.252,1.96436661100972,2.96732081911263,1.64565128237484,1.80312855517634,1.81130208333333,1.94512588766946,2.94408427876823,1.64612596284549,1.78849270664506,1.80836236933798,1.92218844984802,2.89877300613497,1.61815068493151,1.79141104294479,1.77882352941176,0.155154534941634,0.912249191375555,0.964649523205525,0.596546835912727,0.170274830148367,3.31802754529593,0.0247879681549621,0,2.17581117301875,8.31750160205345,0.136307610668663,0.720511107958848,0.855971088729447,0.565990634412114,0.0237313129203215,3.26167996543597,0.0227104967164131,0,2.17422251411989,7.76112473096167,0.0102821267367796,1.109480925197,1.57050879582649,0.829213368980903,0.551812161088554,2.54190258015657,0.0204326468824011,0,1.30278740932648,7.93642001419518
"29","Finistère",20701.3333333333,0.2424609258,21690,0.243,23220,0.243,1.89638321792677,2.80311646357396,1.65232513203658,1.69646784959263,1.81186025980578,1.87722646310433,2.77492211838006,1.64269248501614,1.6892523364486,1.79586693548387,1.86591179976162,2.7629246676514,1.61111111111111,1.71491875923191,1.76295947219604,0.127169836475283,0.762309174918524,0.844931645693662,0.669414148495032,0.190557103253959,1.72513912803905,0.100382542386093,0.0190276853012811,2.27441886664938,6.71335013121226,0.110799576598742,0.567961482326377,0.769895514056578,0.72179135365821,0.0191920699024332,1.67228138097131,0.104406715029582,0.0200329372079109,2.29051664739233,6.27687767714348,0.00995052356976456,0.826915734062779,1.23538914771684,0.527785619247605,0.307004611718554,1.32596796386963,0.0680946423450519,0.00752989764699977,2.55377880868793,6.86241694886516
"2A","Corse-du-Sud",20366.6666666667,0.2961776153,21670,0.297,23420,0.306,2.27111154989524,3.62869070208729,1.82572831423895,1.98753049606939,2.06562476853566,2.24450744153083,3.55415162454874,1.81725888324873,1.9557761732852,2.04890738813736,2.23269611074489,3.5664395229983,1.78778821520068,1.99488926746167,2.01394901394901,0.0576564449002702,0.273816715306196,0.668080101836105,0.315978092191965,0.0669454492811716,1.91500328213584,0.457409122790639,0.119331141287642,1.12174200832568,4.99596235805551,0.0492932072756508,0.190873836247836,0.613808545447894,0.304745048859098,0.510934005172971,1.82155847450372,0.471926831008067,0.126858245288066,1.08526236810901,5.17526056191231,0.0294381687252363,0.309438751054724,0.401262911756015,0.246070772733073,0.446375525647942,1.89465961333057,0.982437896496675,0.154306840385031,0.814740101903755,5.27873058203302
"2B","Haute-Corse",18803.3333333333,0.3018602793,19840,0.306,21460,0.305,2.30412513080355,3.6575106793844,1.8466938486084,1.98057229796945,2.1005293062847,2.27033307513555,3.60435212660732,1.8366935483871,1.9624134520277,2.08109651627641,2.26937002172339,3.55882352941176,1.80428704566636,1.97242647058824,2.04004214963119,0.0526826204775172,0.24853906663415,0.721688940968298,0.32726683305737,0.0398017745913415,1.80884906019923,0.376981290692722,0.128573186465591,1.5755775729256,5.27996034601182,0.0449171381738618,0.172675904731622,0.556087334281173,0.275410110740063,0.177968333843518,1.71532172984292,0.384866875345374,0.135728920883781,1.53760143740067,5.00057778524298,0.0188194305866216,0.29681886851195,0.402941263272551,0.23740214183895,0.171681367759444,1.89100452120593,0.515975545930626,0.120811805911236,1.36165446479391,5.01710940981122
"30","Gard",19157.2222222222,0.2801610816,20020,0.282,21330,0.283,2.20155268302868,3.44984557050371,1.77307435771027,1.94568578328481,2.00024612002352,2.19709702062643,3.41779497098646,1.76523476523477,1.93617021276596,1.98650927487352,2.1976911976912,3.41436464088398,1.73839662447257,1.96408839779006,1.9536354056902,0.084624375934179,1.57366419022577,0.704468810859079,0.438502450163254,0.161340136593685,2.06825390193539,0.189419095277409,0.0207986779886086,0.284482355100589,5.52555399407796,0.0736711421336213,1.50769054260056,0.659639569855235,0.420216321994876,0.215547260291372,2.00942470880949,0.192740550419694,0.0217020037140035,0.279303027488846,5.3799351273077,0.0132717826292834,1.61089022666777,1.0588738682694,0.364500470424401,0.335085782235922,1.70715069463812,0.205446621756068,0.00838373952389753,0.240845294155624,5.54444848030049
"31","Haute-Garonne",22223.3333333333,0.2824205599,23140,0.288,24230,0.288,2.20279121546402,3.4493675180536,1.77918104094795,1.93873891339117,1.99956171403527,2.21132323897301,3.48316498316498,1.78824546240277,1.94781144781145,2.01068999028183,2.19430379746835,3.46972176759411,1.74989682212134,1.98281505728314,1.96660482374768,0.156853553317157,1.11877264553101,0.734221170315523,0.46521818522342,0.176339794537272,1.86215780524748,0.166423957968887,0.297000042556513,0.533291850235557,5.51027900493282,0.133958531258438,0.967786648416493,0.691132412631467,0.41743779823882,0.0564433171896868,1.77056095994853,0.17114034249135,0.304014785569654,0.505747229273721,5.01822202501816,0.0238041470636601,0.826632569581716,1.09245966743091,0.395742801508828,0.382873458712166,2.09297033296177,0.135525748301099,0.159374752729234,0.383095474312904,5.49247895260228
"32","Gers",19876.9230769231,0.2598368456,20820,0.262,22110,0.26,2.02178363637835,3.09057085537115,1.70505263157895,1.81259557513433,1.89578392200735,2.01949860724234,3.08101045296167,1.69884726224784,1.81358885017422,1.88740661686233,2.00986842105263,3.02227722772277,1.65671641791045,1.82425742574257,1.83333333333333,0.0957638544123649,0.486441922471488,0.793311935500116,0.489028747446253,0.201621234721201,2.3553864219303,0.0244556486685566,0,4.71874320912602,9.1647529742763,0.0834856109775163,0.387837171323962,0.69726041013007,0.485451825905309,0.246148844315391,2.29074732330675,0.0230812353099255,0,4.58253125085745,8.79654367212637,0.00826223530176351,0.476956395483391,1.22026768342846,0.466765446785216,0.242591441725222,1.66634834485867,0.0210552479560514,0,2.67681351950163,6.77906031504041
"33","Gironde",21361.2,0.2730617897,22400,0.277,23950,0.278,2.09487161868114,3.25543541112525,1.75706420987585,1.85276974673297,1.95461752112024,2.08775376555337,3.2531017369727,1.75580357142857,1.85277088502895,1.95283018867925,2.07314074984634,3.23940345368917,1.7231732776618,1.87990580847724,1.91597028783658,0.0997699904791205,0.669151895390214,0.744189361505588,0.535746686942819,0.306218915395764,1.85061525555213,0.0984061390212676,0.311047884299644,0.283643758662244,4.89878988724879,0.0864561023687317,0.646578871468917,0.713284276747869,0.46301000257834,0.252344078587189,1.76437276561657,0.0991615938542924,0.340358712917934,0.265468453948203,4.63103485808804,0.0236957986942247,0.790861459637757,1.34088184715757,0.419185188191024,0.536707271237851,1.99177110602749,0.0835804476261374,0.235184443076635,0.187724659713325,5.60959222136201
"34","Hérault",19575,0.2920645433,20330,0.297,21800,0.298,2.2650133977828,3.6163949885491,1.82848871860366,1.97780546948673,2.07169454573518,2.27328244274809,3.6,1.82390555828824,1.97378640776699,2.0622914349277,2.26214285714286,3.57168949771689,1.79403669724771,1.99086757990868,2.02223371251293,0.0575088716514372,0.35126669168459,0.73823166701941,0.472747295611684,0.193508811927366,1.89624676309975,0.583027901147489,0.13626619466365,0.178842621791041,4.60764681859641,0.0491380131560986,0.230681618770078,0.685987943651123,0.438011587645133,0.144593377233319,1.80791688058237,0.586184678771815,0.156744119817254,0.174775842115992,4.27403406174318,0.014466076311792,0.351402300442638,1.04890318775464,0.38276024732534,0.265367480102125,1.87048642743496,0.609566319308806,0.108279186573335,0.154053177483273,4.80528440273691
"35","Ille-et-Vilaine",21184,0.2502848611,22230,0.256,23690,0.259,1.93421543948242,2.9075610937024,1.68194942724068,1.72868520694608,1.84602080008842,1.92225705329154,2.90590979782271,1.68106162843005,1.72861586314152,1.84270216962525,1.91971664698937,2.90184501845018,1.65977205571971,1.74833948339483,1.82121352477999,0.142457869277138,0.843171488170172,0.752606374920632,0.658595819905848,0.156128795420816,2.02995104478789,0.0842557116066217,0.0396993404742629,2.54834785315587,7.25521429771925,0.122562695331735,0.676492138319212,0.688496032290793,0.521309776420266,0.0792950040920698,1.94620875685275,0.0863167026987428,0.0418609485164277,2.50575110670854,6.66829316123054,0.0139081687857487,0.812965287495625,1.1616814210921,0.429278613853895,0.202384462594595,1.73211659705909,0.036103546718705,0.0170584827863758,2.40106996165946,6.8065665420456
"36","Indre",19385.5,0.2422579422,20200,0.241,21270,0.242,1.89987659996613,2.82682736703244,1.62124612038207,1.74361395934521,1.78585498901432,1.8910478834143,2.79041916167665,1.61485148514851,1.72797262617622,1.76898047722343,1.91162790697674,2.81074380165289,1.5989656793606,1.75785123966942,1.7521895929933,0.167729177636499,1.37126906442985,0.96066385742361,0.52791158901086,0.167082290902086,3.44517952927468,0.0171791174128589,0.0435300892399538,5.21576859087375,11.9163133062041,0.148633903242652,0.918846761699565,0.846967486886045,0.500888552859969,0.412545874051284,3.41792076937845,0.0156372540954389,0.0462339502353214,5.23648749246671,11.5441620449154,0.00875317507675088,1.05526583095538,1.69998368265976,0.766260464088543,0.504264327711523,2.57133513666955,0.0137951610217901,0.0184072640671326,4.46762190082809,11.1056869430785
"37","Indre-et-Loire",20842.5,0.2613176357,21750,0.263,23140,0.262,2.01374712643678,3.09762949280382,1.7164714192422,1.80464961902563,1.89770610839993,2.00330250990753,3.08728179551122,1.70758620689655,1.80798004987531,1.88336713995943,1.97839506172839,3.0390625,1.68107173725151,1.8078125,1.84885931558935,0.129318673631675,1.10599870456627,0.930397185868367,0.573112661032859,0.0864272486631621,2.11699366410379,0.017886346274356,0.00713128127447225,1.20100565670603,6.16827142212098,0.119076154165947,0.985975401010519,0.881059576359156,0.499901063600586,0.323516518762513,2.06452756216774,0.0157678276332335,0.00745671814325987,1.18597799487492,6.08325881671788,0.0544452862418044,1.14374327325807,1.61341148027586,0.75044926805745,0.368177620918471,2.32130294170349,0.0134144273486603,0.00290244015065196,0.878737312365616,7.14658405032007
"38","Isère",21884.4444444444,0.2597374634,22950,0.263,24270,0.262,2.05090286425903,3.1289314589555,1.7068744922827,1.8331350507037,1.89373891001267,2.03415559772296,3.12350597609562,1.70806100217865,1.82868525896414,1.89189189189189,2.02280912364946,3.10502283105023,1.68108776266996,1.84703196347032,1.86131386861314,0.167480059524053,2.62919521624392,0.788525124470771,0.541086718505575,0.568488957090027,1.97068323069034,0.0118666874169652,0.0397914723595563,0.555833742540927,7.27295120884213,0.145240556406093,2.38361641092201,0.666139088411709,0.623257510929916,0.501002665007768,1.90498936106401,0.0100584946614592,0.0413612392800898,0.542224062555741,6.8178893892388,0.0263502987221026,2.25893091325446,1.13700376881482,0.601164586452287,0.959280856314712,2.01656153208146,0.00878902169222481,0.0159460554870855,0.480093245235953,7.50412027805512
"39","Jura",20830.6666666667,0.253597903,21700,0.251,23140,0.256,1.97124400287107,2.98734106469191,1.71065096332331,1.74631828978622,1.88464894882983,1.95383615084525,2.93344025661588,1.68571428571429,1.7401764234162,1.85309017223911,1.95596330275229,2.95681818181818,1.6866897147796,1.7530303030303,1.85592011412268,0.198744217419218,2.59355406452052,1.00174699930277,0.574624119426095,0.110523135358586,3.1922896944735,0.0288081042092895,0.00188854491229263,2.37009914747131,10.0722780270936,0.174340941953825,2.07541006321109,0.827099891923176,0.72255282225138,0.0858140158197278,3.13280946075329,0.0259438550067272,0.00198561197170168,2.35778165040637,9.40373831329729,0.00765432443644823,3.9238454324846,1.91192468556899,0.949570435749438,0.327749413145509,2.69268063412409,0.0208244853003549,0.000782057510061174,2.22694037934397,12.0619718476635
"40","Landes",20443.8461538462,0.2449411689,21360,0.247,22840,0.249,1.91028596033535,2.857263371014,1.6567332656056,1.72463692878743,1.81680017164926,1.89641693811075,2.83279742765273,1.6498127340824,1.71704180064309,1.80625320348539,1.88719512195122,2.80801209372638,1.62653239929947,1.72637944066515,1.77921455938697,0.158890668062109,1.00801109149117,0.621807997816648,0.486384473604828,0.206374290835019,2.91823793053758,0.0159085327326848,0.125462846781636,1.30978297597667,6.85086080783834,0.137621852210662,0.763676218765476,0.580425053712494,0.462870797945751,0.162338403858487,2.81359410377166,0.0137467768823462,0.148273435593043,1.25376525570625,6.33631189844617,0.0143840835953703,1.05817227208737,1.35077421389226,0.498799220931487,0.491562625499666,2.35502087723424,0.012549935694421,0.0779383078350764,0.957211552973733,6.81641308974363
"41","Loir-et-Cher",20524.6428571429,0.2480669219,21380,0.247,22510,0.246,1.94294514800122,2.93243592902908,1.65652090692373,1.77023780187284,1.82069734923988,1.91963109354414,2.88414133114215,1.64172123479888,1.75677896466721,1.80184804928131,1.92220828105395,2.89212598425197,1.63171923589516,1.77244094488189,1.78647859922179,0.17577880078704,0.865524895996781,0.997710379822305,0.539207001619749,0.151537757528558,2.96723650433214,0.0233475668887023,0,1.78499471594769,7.50533762292296,0.14445061275046,0.834973551164238,0.832963372400228,0.512556822383019,0.197854081572934,2.92638539589074,0.0208959487604027,0,1.78735244743199,7.25743223235401,0.137336902586251,0.77836982114285,1.65588966861978,0.870494648942593,0.496900948326772,2.61199793918925,0.0185060864520534,0,1.22961665354109,7.79911266880064
"42","Loire",19898,0.2574543142,20770,0.26,21970,0.262,1.9915555233401,3.03244409127029,1.67810835259825,1.80706096038143,1.85790434221362,1.99094707520891,3.01827676240209,1.6697159364468,1.80765883376849,1.84566258648217,2.00597213005972,3.0427135678392,1.65361857077833,1.84003350083752,1.82746478873239,0.17017575603959,1.2070961595158,1.01009720825621,0.573489112143416,0.377165826370969,1.7432052042414,0.0155244812672962,0.00133309991349676,1.37231741622748,6.47040426397566,0.148557012507932,0.953025354700315,0.905100333640496,0.538919485676651,0.346161190547533,1.69664978273764,0.0146512682583914,0.00139482700529136,1.34159111126158,5.94605036633583,0.0107387350299333,1.04098724676868,1.28876492466006,0.468590815048754,0.321636677427307,1.8465571802877,0.0118141909246718,0.000542877059828522,1.04523201730974,6.03486466451668
"43","Haute-Loire",19828.0952380952,0.2368409551,20800,0.239,22100,0.241,1.86806133684239,2.72610203070827,1.61925118278537,1.683557226754,1.77733492023951,1.85467816854678,2.70816491511722,1.61057692307692,1.68148746968472,1.76223040504997,1.85696361355082,2.68376722817764,1.58597285067873,1.69218989280245,1.73257538309441,0.182390099333874,0.990930056166772,1.01642773262045,0.53557201187371,0.235528453916923,2.16616890859263,0.0453840688060003,0,3.18628584992847,8.35868718123882,0.159372077817199,0.706070791895625,0.867834278270103,0.544021757477031,0.105485930648071,2.11003291914061,0.0432498162780352,0,3.04287567999535,7.57894325152203,0.0121018783699421,0.841273663308145,1.31580044344343,0.508695411186251,0.0704563379952879,1.93562669174387,0.0381136006673002,0,3.15407970468946,7.87614773140369
"44","Loire-Atlantique",21550.4761904762,0.2513356216,22600,0.256,24120,0.257,1.94800639519708,2.92931597548428,1.68800085439868,1.73537588434918,1.85560203133147,1.93788819875776,2.93890177880897,1.68141592920354,1.74787316318639,1.84735051045211,1.92428654630169,2.92961876832845,1.65671641791045,1.7683284457478,1.82133090246126,0.981166476729985,0.835732999821185,0.925104338101188,0.613961401787732,0.183728869144463,1.74827996214925,0.110426433584003,0.277086612582172,1.23860380458912,6.9140908984891,0.997861852075035,0.608958391191229,0.806137179557735,0.601710116839555,0.0444327836412242,1.66518946202716,0.112348779318631,0.302320658238738,1.17928235222761,6.31824157511692,0.15314264819168,0.681738533696678,1.30996803614592,0.493787229794347,0.197535214885157,1.76663234671708,0.106557237836016,0.242086283897735,1.31268874172298,6.26413627288759
"45","Loiret",21081,0.2599437862,21960,0.26,23090,0.258,2.04205226148103,3.13434605084076,1.69325458944073,1.8510778416824,1.87602265759584,2.02390438247012,3.09555741827326,1.68169398907104,1.84073763621123,1.86232980332829,2.01394169835234,3.05773857257418,1.65136422693807,1.85164394546913,1.82527525131642,0.161354689146023,1.42279564651623,1.15465547914144,0.678334296128645,0.187407378219032,2.3168465477122,0.0196159552121815,0,1.10466145036133,7.04567144243708,0.140184867428306,1.23169306707017,1.02248194905586,0.6439469784526,0.221808836833886,2.25056072376375,0.0170025302141619,0,1.09090239388207,6.61858134670081,0.0291451706004945,1.62183572650562,1.71378523063802,0.886114004235469,0.622844264058909,2.78861394983116,0.014930921808103,0,0.620765956300967,8.29803522397874
"46","Lot",19928,0.2590342986,20740,0.259,21910,0.26,2.02474929428095,3.08406060606061,1.70236183594273,1.81163636363636,1.89438612165885,2.01396648044693,3.04013961605585,1.67984570877531,1.80977312390925,1.86809651474531,1.99736147757256,2.99339388934765,1.65449566408033,1.80924855491329,1.82803832576904,0.152745956356483,0.803690946614899,0.794163932719713,0.452471208168448,0.174929254761763,3.25229256349473,0.0361242480247424,0.000150813238690272,3.88348488394908,9.55005380732855,0.133147108221548,0.52967462506064,0.687873208232857,0.428216428301081,0.0287557087777502,3.16588010278742,0.0339318523110676,0.000157566417773025,3.71591056193656,8.7235471620467,0.0133067861826759,0.580953660018393,1.23353757683043,0.410134740897912,0.00320733515532405,1.81751049583923,0.0278042384221588,6.14171917769946e-05,2.89137347915307,6.97788972969097
"47","Lot-et-Garonne",19078.5714285714,0.2618378631,19930,0.262,21050,0.265,2.03382330502009,3.10526733679513,1.70826906277299,1.81778585380129,1.90162595301074,2.01815541031227,3.03147482014389,1.69141996989463,1.79226618705036,1.87799442896936,2.03055555555556,3.06065857885615,1.67790973871734,1.82409012131716,1.86286919831224,0.104240690168726,1.22341459106623,1.13334924629985,0.728653811243899,0.124207424427214,2.24122678506798,0.0185015205176246,0,1.87119164981114,7.44478571860267,0.091407642001202,0.899051642426776,1.07175393504641,0.729743490224319,0.14271111264036,2.19564615036588,0.0172665236768709,0,1.82193435438672,6.96951485076854,0.0102282377797435,0.9868424877123,1.85569117543931,0.746656374041756,0.215347833927071,2.2861311707014,0.0142898010385785,0,1.0882917883776,7.20347886901775
"48","Lozère",19570,0.2470500484,20420,0.247,21580,0.25,1.92557609790796,2.8973944294699,1.64782830863567,1.75831087151842,1.80900237849482,1.91551246537396,2.84470989761092,1.63271302644466,1.74232081911263,1.79343733189887,1.93130779392338,2.89018302828619,1.60982391102873,1.79534109816972,1.76703967446592,0.0876131124152957,0.446865789056438,0.8760513923428,0.517672891700997,0.293495226972426,3.27865096171205,0.064417987804815,0,9.40664186351366,14.9714092255185,0.0765297391647383,0.32643244467757,0.774387941254979,0.504511559066893,0.182608716945011,3.19629063293022,0.0597957872789354,0,9.41357895593476,14.5341357772531,0.0138524181337573,0.521567161977669,1.39686272921132,0.555048095475371,0.183879941261937,2.35908110767745,0.0552247449434811,0,7.8017661941135,12.8872823927945
"49","Maine-et-Loire",20122.6666666667,0.2414199529,21110,0.242,22500,0.245,1.85910106696301,2.76690179405418,1.64192949907236,1.68515261807367,1.79425911559348,1.84750162232317,2.75,1.6361913784936,1.68073248407643,1.78501291989664,1.85,2.73498498498498,1.61911111111111,1.68918918918919,1.76245766811805,0.176915332992507,0.969278440007445,0.758202673269345,0.510214172414918,0.261875837511214,1.98058733281797,0.00593675227354706,0,2.35484052315866,7.01785106444561,0.153794493485917,0.735448886990667,0.669865617805715,0.445502777420378,0.250985543092382,1.92193365565737,0.00515265026596049,0,2.27650441125318,6.45918803597157,0.00913479717899497,0.897770737850745,1.13688577649514,0.433026315954533,0.359059301692918,2.21940818303728,0.00441979483256441,0,2.16258952303443,7.2222944300766
"50","Manche",20004,0.2419315846,20980,0.243,22480,0.242,1.89991163201712,2.80667287421191,1.64495434246484,1.70623147509756,1.80525194964547,1.88565763384005,2.76612903225806,1.63489037178265,1.69193548387097,1.79205851619645,1.8746139592341,2.73056603773585,1.60943060498221,1.69660377358491,1.76058394160584,0.174747217517853,1.04499373287636,0.877115366624624,0.597112935421744,0.274195737297528,2.57092928160456,0.0150721487541304,0.00153350130516515,4.62555951696866,10.1812594383706,0.153569894079377,0.811923348561353,0.791637976772543,0.540237391678831,0.476688119838744,2.52115320295544,0.0143749433453984,0.00184503443019705,4.60849956798505,9.91992947964694,0.0321687034192207,0.9332957915628,1.61010093595615,0.477342160091891,0.458303842125009,2.04957704088742,0.0126516601319386,0.00100060855948737,5.54825936230174,11.1227001050357
"51","Marne",20780,0.2824171254,21650,0.287,22830,0.281,2.13008677896886,3.38272302591923,1.80042909849214,1.87884267631103,2.00745381052029,2.11748633879781,3.35972461273666,1.80323325635104,1.8631669535284,2.00616649537513,2.09551656920078,3.28606760098928,1.74594831362243,1.88211046990932,1.93965936739659,0.140315007234121,3.02766731403284,1.10497732763431,0.677970099238207,0.148139318341247,2.5904080318013,0.0316540830169204,0.0242929453096564,1.9522420379758,9.69766616458439,0.123461666769735,3.7605674413374,0.995624844173996,0.712410885897164,0.150773735221011,2.55369229101451,0.0299960074394666,0.0246546256409158,1.94526998772147,10.2964514852157,0.0131983170022121,3.15778117138835,1.94764620017219,0.850186761388695,0.392714112347228,2.62253090362464,0.0290050121362298,0.0132008119651944,1.59150772220854,10.6177710122333
"52","Haute-Marne",19342.5,0.2421972277,20190,0.243,21350,0.242,1.93318832847704,2.87447824777314,1.62519292323366,1.76869970738844,1.79322841515385,1.90686274509804,2.81519861830743,1.61466072313026,1.74352331606218,1.77366702937976,1.91114058355438,2.79313164349959,1.6,1.74570727718724,1.75539568345324,0.448177029885653,1.08584574644775,1.11574063757345,0.653575472743759,0.148459930826506,4.34667255738913,0.061830446763505,0.0173243995638053,5.11828490538538,12.9959111265789,0.377704917015164,0.994955072598191,0.910221721202778,0.632679707158394,0.0266253105061943,4.35947382096758,0.0602083171422289,0.0163254428517319,5.10020299309456,12.4783973025368,0.0434774676885678,0.794395703171045,1.58640616253797,0.680121824257056,0.470323531529577,2.83645241444733,0.060069298654111,0.0147989393659669,5.06108419748782,11.5471295391394
"53","Mayenne",19873.5714285714,0.2332487252,20830,0.233,22230,0.236,1.80706004235416,2.6517492762217,1.59388815009165,1.66369846972589,1.73290935487943,1.7976501305483,2.62261146496815,1.58137301968315,1.65843949044586,1.71741397288843,1.80085784313725,2.61636636636637,1.56770130454341,1.66891891891892,1.69834307992203,0.221167895576419,4.88992535217649,0.818315934515206,0.527486293509397,0.294156429828266,2.37869133804746,0.00721274526648787,0,7.04711314790478,16.1840691368245,0.193817119755662,4.81936336642636,0.682989041026362,0.46587239970165,1.18449949824174,2.32903212905808,0.00641864157993723,0,6.8693040941332,16.551296289923,0.00822323560154388,5.36185700567259,1.22557526429653,0.442038645840598,1.39933585905372,2.55041054979275,0.00516518484369297,0,7.32969391153738,18.3222996566388
"54","Meurthe-et-Moselle",20696.8,0.2677512752,21480,0.276,23010,0.276,2.09247932624519,3.25949093300111,1.73362433760176,1.88015988372093,1.93092649824971,2.11899791231733,3.32887700534759,1.73882681564246,1.9144385026738,1.94025974025974,2.11422976501306,3.31875525651808,1.71490656236419,1.93523969722456,1.90997095837367,0.0975945505058812,3.6186430380892,1.26796689355976,0.681269284820596,0.210108364149941,2.01713718054577,0.0105499717921335,0,1.13705670450519,9.04032598796848,0.0853987723506701,3.45237061740266,1.16148643660197,0.589310484902476,0.11900464396677,1.96865276353751,0.00946899517749989,0,1.15323517976137,8.53892789370093,0.0237304446308815,3.17420874472865,1.718138514771,0.568756541805203,0.215554598933854,1.84817273283314,0.00842191364343855,0,1.14576829743382,8.70275178877999
"55","Meuse",19635.7142857143,0.2471261233,20590,0.246,21890,0.248,1.96400309175899,2.96244324631101,1.63589668970535,1.8108987352035,1.81516119006583,1.94178794178794,2.87639484978541,1.62748907236523,1.76738197424893,1.79389721627409,1.94179202092871,2.89233278955954,1.61991777067154,1.78548123980424,1.78370221327968,0.131687019527823,4.76819657666368,1.02342056578562,0.779999289872852,0.152937742925652,3.48531570390514,0.0414755710564051,0.00772798762462348,5.52735662211431,15.9181170794761,0.117474746631827,4.68035339613222,0.87953591438219,0.668358973077762,0.21037864180961,3.47947063740678,0.0393129261027,0.00726028370806151,5.71826641382732,15.8004119330785,0.00630602722422028,5.13317378838364,1.58554785372437,0.649425577639002,0.424333260699296,2.0631914991394,0.0384314530437308,0.00658911047425161,5.48285415067703,15.3898527210049
"56","Morbihan",20607.3333333333,0.245897989,21600,0.248,23140,0.249,1.90816267387944,2.85271023392851,1.6665650515251,1.71173050299954,1.82697422802753,1.8946692357097,2.84018987341772,1.66203703703704,1.70886075949367,1.81864235055724,1.89009009009009,2.82217261904762,1.63915298184961,1.72172619047619,1.79253308128544,0.146969990870613,0.84523731571898,0.71484254776653,0.506224155915041,0.231377914405679,2.00451253993284,0.0591810649923441,0.0115281851966998,2.53146109679948,7.05133481159821,0.127296070504169,0.683752107108237,0.641345662671888,0.439554798088565,0.319061412969292,1.92964303800038,0.0604503992625299,0.0130709949900216,2.50825704786134,6.72243153145642,0.00932966306705653,0.888878342927576,1.09273688674078,0.382089232223569,0.379848776515304,1.56734277850213,0.042906101268103,0.00633527532292825,2.55378706248672,6.92325411905416
"57","Moselle",20753.3333333333,0.2774079654,21650,0.285,22980,0.292,2.15814274771571,3.38495451364591,1.79289085472831,1.88798693725216,2.00876608545083,2.19041000694927,3.47121346324181,1.81016166281755,1.91762621789194,2.02951838425686,2.21400264200793,3.56666666666667,1.81592689295039,1.96410256410256,2.03660322108346,0.130194533150207,2.37300087345419,1.37806540221266,0.602555426734976,0.130838306903611,2.08670407387329,0.01855133307745,0.00829914779780824,0.965864024597656,7.69407312180186,0.52184477993016,1.75395847377269,1.15951142782264,0.625914046771638,0.323100838517262,2.03904155829039,0.0184343458293686,0.00871444681405109,0.983631057284471,7.43415097503267,0.0252132925583445,2.11297479087425,1.86283071530922,0.652475406215459,0.378250751556511,2.02248033584657,0.0104688497459795,0.0033956689022726,0.952322778029555,8.02041258903816
"58","Nièvre",19542,0.2518320773,20320,0.25,21380,0.25,1.96722775457758,3.00324661810614,1.64097840548562,1.83015608740895,1.81842925999433,1.93661971830986,2.92402826855124,1.62893700787402,1.79505300353357,1.79891304347826,1.95087483176312,2.91315345699831,1.61599625818522,1.8026981450253,1.77817807514153,0.114588979282502,0.710221586822076,1.00792895688336,0.624245009293966,0.137788040943164,2.88829261760831,0.0595818002316655,0,5.49293683002158,11.0355838210866,0.101844315336256,0.570785589774239,0.890882246745975,0.545428671174758,0.137028711503034,2.86949963412854,0.0562974463924162,0,5.51478519159565,10.6865518066509,0.0140525993266012,0.764809497250481,1.88337754218036,0.667819493617656,0.371052309816147,2.28804136034546,0.0526001321546621,0,4.71819154435665,10.759944479048
"59","Nord",19202.6666666667,0.2811106454,20040,0.286,21340,0.288,2.19097151920092,3.38093128880077,1.78873965917432,1.89011926439949,2.01740050859053,2.18731117824773,3.36619718309859,1.78892215568862,1.88169014084507,2.01291409320606,2.19885550786838,3.39083557951482,1.76850984067479,1.91734052111411,1.98840885142255,0.729987171798581,4.04617071808065,1.19751353947579,0.601630820519456,0.165437681005117,1.50994781069984,0.0433010844604473,0.350193814967235,0.598025627908419,9.24220826891554,0.66235783834838,4.3892652685664,1.0871591503157,0.516238814113519,0.174399220718565,1.46856314585057,0.0424487056643145,0.416211772203525,0.591596715435078,9.34824063121605,0.547055514092713,3.8825980908382,1.48627917162801,0.522450925256643,0.353442548325178,1.75995417407999,0.0380454834711139,0.23130057637941,0.61918362458666,9.44031010865792
"60","Oise",21210.4,0.2618357144,22150,0.265,23330,0.265,2.05123906946048,3.14585283654746,1.69748263655026,1.85324595893403,1.88563348247018,2.03232189973615,3.12219451371571,1.69571106094808,1.84123025768911,1.88082123184777,2.02071563088512,3.08174603174603,1.66438062580369,1.8515873015873,1.84377967711301,0.140627794599747,1.8241405763427,0.962446118311372,0.500346367414628,0.162254176061802,2.19372304798296,0.0261689413400965,0.121141207334708,1.11582124820903,7.04666947759704,0.15351972243985,1.55189360132964,0.850306904927954,0.468483806701566,0.397077446015065,2.13422228875121,0.0239849536035296,0.125224430796582,1.09801984415216,6.80273299871755,0.0381108327316834,1.93453541836792,1.22816358221318,0.47319680396466,0.551204631269036,2.72727838554992,0.0320222039912723,0.412218593662703,0.832058884622139,8.22878933637251
"61","Orne",19264.6666666667,0.2481315538,20140,0.251,21400,0.253,1.9279488788726,2.94530002817166,1.62808423019691,1.80905875356058,1.79533485975959,1.89950808151792,2.85263157894737,1.61469712015889,1.76666666666667,1.77220708446866,1.9046357615894,2.85049833887043,1.60373831775701,1.77740863787375,1.75460122699387,0.178999253304779,1.14182780106348,0.949003952611717,0.537019690871403,0.0589384411677184,2.96737895292889,0.0205368421725256,0,6.12066822925388,11.9743731633744,0.158621115830757,1.04323914966445,0.879777630251903,0.506094376671955,0.310465199184227,2.94509053948226,0.0195742912213549,0,6.14062329820522,12.0034856005121,0.00886505514253099,1.14501560723936,1.66277293224863,0.566683284862288,0.325504582927651,2.39132807428573,0.018223844186773,0,6.43718371782272,12.5555770987157
"62","Pas-de-Calais",18370,0.2582498439,19200,0.258,20720,0.256,2.05602527856311,3.05418666666667,1.70038105606968,1.79617777777778,1.9039375838108,2.03184230477635,2.99722479185939,1.6875,1.77613320999075,1.87935034802784,2.02042253521127,2.96468561584841,1.66119691119691,1.78466838931955,1.8455764075067,0.11888028334689,2.58592958172066,1.04545590848743,0.471095425458239,0.309108547313377,1.78466880996866,0.0124378127749575,0.11528452334181,1.22649256505397,7.66935345746599,0.104098323345872,2.36492528663147,0.955279430350727,0.432772377037609,0.388474631265765,1.74622347082741,0.0112229428810123,0.138145706435285,1.22109949210677,7.36224166088192,0.00928191645660151,2.5667339972229,1.51584541941974,0.509696103268097,0.571173214839867,2.23035599889594,0.0100589503070764,0.0748326450600199,1.24183792047743,8.72981616594768
"63","Puy-de-Dôme",21005.5,0.2629616842,21890,0.266,23060,0.265,2.04267105206215,3.13763225497453,1.71531265620909,1.82918970697087,1.90291176677699,2.02917771883289,3.12657166806371,1.70397441754226,1.83487007544007,1.88669701568032,2.02217997465146,3.11693548387097,1.67606244579358,1.85967741935484,1.85282837967402,0.165628695247048,1.40571620006153,1.03146368048532,0.554693278357992,0.459518088569625,2.21161831038259,0.0963372857043637,0.0254917011048227,1.8346116666469,7.78507890656019,0.143026670071444,1.18252054328859,0.908135241541621,0.543212035496294,0.130965584380381,2.1277957333831,0.0981277939244241,0.0263841096419712,1.73096081871053,6.89112853043835,0.017666045827919,1.32992495969363,1.33082800328355,0.509227382050205,0.373595027767679,2.09519235778808,0.046824649814252,0.0102934972127402,1.60818511919277,7.32173704263082
"64","Pyrénées-Atlantiques",20978,0.2696454518,21850,0.272,23300,0.276,2.03360890509048,3.12736649693171,1.75660215463819,1.78034991513252,1.94609724324895,2.0255905511811,3.12805872756933,1.75514874141876,1.78221859706362,1.94078947368421,2.01980198019802,3.12267080745342,1.72618025751073,1.80900621118012,1.90978157644824,0.15355711961553,1.01957660592169,0.787952137036106,0.432332158557962,0.248014704154687,1.9601688199443,0.140201209944561,0.304171435652427,1.94585712088883,6.99183131171609,0.128253014128348,0.84047470561641,0.768887027125926,0.455165273620092,0.0825102073552123,1.88855421875158,0.145864858349691,0.353419402791368,1.84848997331068,6.51161868104932,0.0301741744687276,0.683137386089652,1.42510010971309,0.44643367749663,0.204237820755915,2.1021547488988,0.0900469774884,0.186199265791055,1.72851282145894,6.89599698216121
"65","Hautes-Pyrénées",19673,0.2480684719,20420,0.247,21530,0.249,1.97303932019614,2.95738330696203,1.65228994052763,1.78986946202532,1.83050645550456,1.96481351161154,2.92321116928447,1.64054848188051,1.78184991273997,1.81179015684154,1.96912751677852,2.92797319932998,1.62378077101719,1.80318257956449,1.78915046059365,0.116300257068506,1.02332732292288,0.953923592282615,0.535763620823164,0.253514131595587,2.28888926760926,0.0452112273466389,0.142138937634499,1.90540215151328,7.26447050879642,0.101113654156246,0.923732165241945,0.903629795982883,0.565477381638267,0.338209160483051,2.2185222883515,0.0458519402675416,0.148116818393679,1.81215195326298,7.0568051577781,0.0146399326300849,0.719845775757002,1.31536927012646,0.456450790787889,0.213670195915841,1.97159304243879,0.0222313868073731,0.057626343755812,2.05107890177934,6.8225056399986
"66","Pyrénées-Orientales",18608.125,0.2793608439,19350,0.279,20650,0.285,2.17067697631664,3.36536231177818,1.76729251335102,1.90424747819307,1.99083864718702,2.15834633385335,3.32777232580962,1.75245478036176,1.89892051030422,1.96922183507549,2.15940959409594,3.33051643192488,1.71767554479419,1.93896713615023,1.92876563349647,0.0500845480297894,0.250649005928594,0.529829262228136,0.371883988668982,0.147744189071216,1.92906751974907,0.369014764962062,0.0216094460303428,0.224465806405725,3.89434853107392,0.0436219619122345,0.181253756441604,0.507320462084552,0.347532851570332,0.186779407903235,1.87316373764072,0.377374325920221,0.022558345679462,0.222513194841563,3.76211804399392,0.00981577672055177,0.510147895986748,0.889316761817048,0.306742396450012,0.692491927523307,1.70858564279696,0.38646835985669,0.00864540871728838,0.242361641747175,4.75457581161578
"67","Bas-Rhin",21772,0.2760915521,22620,0.283,24090,0.282,2.13143760566525,3.34308514532543,1.74778002327148,1.91276081704371,1.9494193989071,2.14228723404255,3.39026473099915,1.75508399646331,1.93168232280102,1.96049382716049,2.10820895522388,3.32451923076923,1.72229140722291,1.93028846153846,1.91816920943135,0.179809419995386,1.40322436890497,1.0393049638747,0.869964380411188,0.205087437325505,1.81797660965027,0.128537169628908,0.107862201241521,0.614060965316554,6.365827516349,0.155579346130284,1.21605012804045,0.899482581656989,0.601801869463911,0.0865417748045027,1.74852134329717,0.131611100642364,0.111859006920572,0.604784490834007,5.55623164179024,0.0133398340945558,1.572474291681,1.50041712805297,0.772592890536151,0.359823044061744,2.05191907515362,0.0485436462587316,0.0185171812785672,0.514232303853962,6.85185939497131
"68","Haut-Rhin",22283.3333333333,0.3010097039,23130,0.297,24470,0.305,2.29744292237443,3.76484153497445,1.92729992520568,1.9534279463912,2.16738161325595,2.23937213865271,3.62186978297162,1.8759187202767,1.93071786310518,2.10222868217054,2.27267041901188,3.71704180064309,1.88966080915407,1.96704180064309,2.12402388608176,0.171972375770436,2.73410343690895,1.1124139532114,0.681076264752713,0.326006542486967,2.03064411523177,0.0786927251806755,0.797752741861425,0.541227782234137,8.47388993763846,0.149969850867718,3.49471992895699,0.933815281598403,0.648230139438254,0.190681892510036,1.97548594451473,0.0820750078533769,0.833826613742036,0.533276290825047,8.84208095030659,0.0190744093435286,3.47292581204363,1.62966001925069,0.668263369984789,0.546779342227466,1.98271291823472,0.0456996726567635,0.710344585538351,0.484230014498006,9.55969014377794
"69","Rhône",22025.2380952381,0.2982233184,22990,0.309,24480,0.311,2.28872211644602,3.66735534010465,1.86144033900504,1.97017076682935,2.10128752698526,2.2996632996633,3.71724137931034,1.8755980861244,1.98189655172414,2.11579980372915,2.30070377479207,3.72396694214876,1.8406862745098,2.02314049586777,2.07841328413284,0.157939349450008,1.25618174400575,0.997646145920617,0.617313691184104,0.261206842150051,1.55818674437043,0.166026371130712,0.463909442707109,0.247349935718566,5.72576026663734,0.526025023652937,1.16955125478725,0.915325237593221,0.567358081962152,0.0173565305303022,1.49927762189826,0.170553167180334,0.48013240818683,0.239426041763246,5.58500536755453,0.387863327864707,1.60034287647972,1.27501508517481,0.508597647803618,0.262507644085497,1.92844157553645,0.0942922020932803,0.218500481146342,0.191586023891615,6.46714686407604
"70","Haute-Saône",19747.3333333333,0.2384673086,20680,0.237,21860,0.238,1.90695023977082,2.80968711331094,1.60977684750684,1.7453891933298,1.77657228017884,1.88100067613252,2.74607113316791,1.60541586073501,1.71050454921423,1.75754367390154,1.88967286722258,2.75256107171001,1.59789569990851,1.72261623325453,1.74912368552829,0.169201366404931,0.916004945016319,0.862924076046494,0.521205116607209,0.11950463458569,3.00488624400956,0.0307302354883956,0,3.42356859795445,9.04802521611305,0.148753777515092,1.1331312313013,0.715930456224553,0.520068842279879,0.220107372053179,2.96240145875817,0.0285508599005425,0,3.41217830408601,9.14112230211872,0.00750195074002375,0.803165123928665,1.72717464106354,0.657590388826609,0.284708620109082,1.96958757086277,0.0262416614021628,0,3.0038100709124,8.47978002784526
"71","Saône-et-Loire",19973.3333333333,0.2473080273,20850,0.249,22170,0.249,1.92853115308712,2.877083693834,1.66488651535381,1.7280959796966,1.83321695027381,1.9177897574124,2.85761589403974,1.65563549160671,1.72599337748344,1.81971534001054,1.91926255562619,2.84103367267032,1.63644564727109,1.73610023492561,1.7960396039604,0.214671627975924,1.27215898730527,1.15505665871577,0.642133159509091,0.257201796970594,3.22582221616779,0.0218894182409132,0,3.07914010565674,9.8680739705421,0.175550510677953,1.22142474517351,1.00858658843974,0.620133223608338,0.302865983594834,3.1780638555038,0.0196256326953104,0,3.06934172592683,9.59559226562032,0.0149295350134373,1.1852722899143,2.04201691164561,0.795290538033572,0.240940301883462,2.15445735640437,0.0177419651121435,0,3.18711520977324,9.63776410778013
"72","Sarthe",20168.6666666667,0.2415838548,21040,0.242,22230,0.242,1.89769670477471,2.86236974593139,1.61620335173371,1.77104554501815,1.77289620788639,1.87358616101131,2.81182348043297,1.60503802281369,1.751873438801,1.75428571428571,1.87184343434343,2.79001584786054,1.58389563652722,1.76148969889065,1.72767419038273,0.183090306994549,1.41577534426679,0.940378451425844,0.755692148637848,0.195859716148284,2.46740777952478,0.0172350094703725,0,2.78660766227813,8.7620464187466,0.160585949785957,0.965538399554642,0.846375010093576,0.539938849128106,0.0223172837495868,2.41754290388162,0.0154664429873883,0,2.70991124511218,7.67767608429305,0.00694503557091441,0.770765931492039,1.31763052707607,0.49336319144706,0.442781206358725,2.36924077863203,0.0135706030203704,0,2.24737484960742,7.66167212320462
"73","Savoie",22107.6923076923,0.2595885151,23160,0.261,24270,0.268,1.98445510881693,3.0218333600899,1.70284620737648,1.7745779665831,1.8781305501786,1.9662783568363,2.99616858237548,1.68825561312608,1.77471264367816,1.86013320647003,1.97286135693215,3.03211351755041,1.67284713638237,1.81254667662435,1.84629376989541,0.136863825654976,3.51883205832372,1.02009082135029,0.650135147763268,0.498962203735009,2.55691237126443,0.0150605752939293,0.0781127465921181,0.638178360937835,9.11314811091558,0.118587539336212,2.89847942449408,0.866485217435611,0.64286754384254,0.0223110024999591,2.47143747913603,0.0125604204410985,0.0811212192579044,0.621209323132632,7.73505916957606,0.0309986684155451,2.50010629339967,1.30859638470415,0.603610369793536,0.363076335592114,2.99362604404216,0.00970755605000493,0.0311755724835461,0.816485096842131,8.65738232132285
"74","Haute-Savoie",25439.5238095238,0.3332389006,26600,0.325,28120,0.336,2.49521977030846,4.32806375412091,2.18465829324448,1.98111703212552,2.47562786356694,2.40831435079727,4.10824742268041,2.09736842105263,1.95876288659794,2.36799660441426,2.43814154511075,4.25354107648725,2.13584637268848,1.99150141643059,2.41592920353982,0.15647435924906,0.979520303154223,1.03319983387894,0.62180848017158,0.336387641507441,1.92641078103919,0.0107189682359803,0,0.469903479878208,5.53442384711462,0.13429407534316,0.691938265395333,0.917594823061159,0.577613342622959,0.0204536105609577,1.84412907109132,0.00964116588372514,0,0.45280695326745,4.64847130722607,0.00994964409089148,0.87229662721309,1.27723942193055,0.532625017724299,0.292200959529479,2.18715587327596,0.00564646109336954,0,0.476357442211962,5.6534714470696
"75","Paris",26808,0.423537811,28270,0.443,29730,0.454,3.3333587247419,6.34667827572611,2.40186387148115,2.64239716125641,2.8900503898933,3.32931726907631,6.37615526802218,2.44039617969579,2.61275415896488,2.93075615972812,3.29052765416402,6.37099644128114,2.40867810292634,2.64501779359431,2.87937273823884,0.0725402361155648,0.333747934839166,0.990907115978252,0.648630809558364,0.0187150096664753,0.764450588681908,0.0130896747804187,0.000848287242087523,0.000417916621581356,2.84334757348382,0.0638743300996147,0.240964569653762,0.799202881566847,0.677104960633442,0.0181269248681635,0.748580956005364,0.010720432195912,0.000786639869706801,0.000157223188069154,2.55951891808088,0.0218768056720527,0.405629541651034,0.958843649527891,0.793882561894584,0.0154038536282571,0.458079137095071,0.0103371854147927,0.000714642269643098,4.59170205089833e-05,2.66481329417383
"76","Seine-Maritime",20324,0.2620852364,21140,0.265,22340,0.265,2.05527517423696,3.15314243634407,1.71176933674474,1.84203698983204,1.90083321950553,2.04771784232365,3.13443191673894,1.70955534531693,1.83347788378144,1.89611752360965,2.04602235371466,3.1166253101737,1.68666069829902,1.84780810587262,1.86997518610422,3.41917237960782,5.38981690345747,0.959466127933409,0.642518463175903,0.337982175847545,1.71939334811357,0.0455086655440111,2.44308352288229,1.24027308467226,16.1972146712343,3.63448098661587,5.03713767759459,0.939372803775371,0.77196700194192,0.300420083882582,1.67327876972432,0.0446528278979925,2.92398599909119,1.21903378388799,16.5443299344118,2.67365816468799,3.10639301111333,1.59427180581144,0.711357251814511,0.802741893487352,2.21602587403539,0.0413840741608313,1.58304734650554,1.32435778157555,14.0532372031919
"77","Seine-et-Marne",22578.5714285714,0.2602130202,23470,0.264,24640,0.263,2.0770680904357,3.19604693370175,1.67731730465043,1.9054515951398,1.86896341033535,2.06907477820025,3.18623481781377,1.67660843630166,1.9004048582996,1.86758424299953,2.05562273276904,3.16420233463035,1.65016233766234,1.91750972762646,1.83649503161698,0.613912436291781,1.20416305494968,1.00390449425739,0.606389504824564,0.236004658895324,1.85854136393382,0.200898677302145,3.91704341447,0.427998700930848,10.0688563058555,0.53907826384872,0.983452366387237,0.866685792469748,0.524855429114368,0.799098916940308,1.79304177037983,0.20410541899629,4.06163246147876,0.420700331930675,10.1926507515459,0.0607476589364403,1.03643728024777,0.984175087874875,0.520065930409155,1.12688862843207,1.55458710345092,0.148992523133457,1.29246556675713,0.245848220887724,6.97020800012954
"78","Yvelines",25824,0.3110361951,26810,0.318,28130,0.318,2.35859795982328,3.89360130822388,1.90548843453119,2.04336129134357,2.16422811904413,2.36034985422741,3.92319391634981,1.9242819843342,2.03878326996198,2.18139534883721,2.33426339285714,3.90448199853049,1.88908638464273,2.06686260102866,2.1401530406766,0.145681443807271,0.992928511771471,1.05650065319807,0.600317719212268,0.254354854522945,1.50206193687606,0.0216767954227709,0.00397211457751184,0.113187170528854,4.69068119991722,0.126014615909409,0.776376475731663,0.919462800447556,0.552215740551103,0.195297312682673,1.45094663150471,0.0190115845383396,0.00363434330366081,0.111380648731664,4.15434015340078,0.0183987250996085,0.683074130601302,0.991986637123941,0.542298714867235,0.406095127406266,1.31159387901612,0.019303032492288,0.00320395628746992,0.0744229351665958,4.05037713806082
"79","Deux-Sèvres",19898,0.2408718856,20840,0.241,22220,0.24,1.87970098822005,2.79945499446479,1.65212584179315,1.69445627182151,1.80838345313188,1.87798408488064,2.78066612510154,1.64251439539347,1.69293257514216,1.79968454258675,1.87507807620237,2.75365665896844,1.60981098109811,1.71054657428791,1.75773955773956,0.16602069194042,2.27220299691418,0.834623821793621,0.530430728459954,0.147156594913216,2.58569842722366,0.0188743518511119,0,4.18038337903422,10.7353909921304,0.145182747822293,2.11563207491206,0.784076920972522,0.456656655276873,0.210388399148411,2.5298359088526,0.0173367133094813,0,4.12367024735994,10.3827796676542,0.0139157336812514,2.39975702395459,1.46749296639354,0.52764759895716,0.202495389817774,2.24805465144188,0.0160622497044292,0,3.65215876907165,10.5275843830223
"80","Somme",19415,0.2660246488,20320,0.267,21560,0.265,2.06173838297012,3.16081799303087,1.71310842132372,1.84507761078456,1.90681190389326,2.03082437275986,3.09277430865299,1.70620078740157,1.81266726137377,1.89143480632842,2.02091767881242,3.05912162162162,1.67996289424861,1.82094594594595,1.85838891739354,0.149637212839439,1.85822322426764,1.00402137425767,0.577751713045375,0.297889091874838,2.62322584174544,0.0208733133670984,0,2.33065328535285,8.86227505675036,0.131352665763156,1.65458857595267,0.873897798255501,0.645851867955036,0.412064785645137,2.57380934793556,0.0189972783333472,0,2.31066844665016,8.62123076649056,0.015235931472448,1.48119694364974,1.37338829512223,0.55105926860763,0.43603273488877,2.42667132832657,0.0170616685063846,0,2.01421359553262,8.31485976610638
"81","Tarn",19593,0.2585302896,20400,0.26,21730,0.257,2.01592920353982,3.07131429977849,1.69839568553395,1.80836204774797,1.88664625618929,2.00141043723554,3.01755926251097,1.68480392156863,1.7910447761194,1.8679347826087,1.99203187250996,3.00333333333333,1.65853658536585,1.81083333333333,1.83316378433367,0.117174187136231,0.850392571866569,0.833816653023099,0.433282829342083,0.250073556348333,2.09481769123404,0.0296667465081619,0.00277206555372354,2.01625914973752,6.62825545074976,0.101916000932376,0.741296138347302,0.663054926960652,0.432709868126351,0.423284496345511,2.03202541473831,0.0291689735446919,0.00288985531356936,1.93319949773193,6.3595451720407,0.0139808431114876,0.968059065607391,1.09606488668303,0.354193823018877,0.479017028131667,1.69353599440075,0.0202039611126206,0.00111866129571491,1.56380648873959,6.18998075210112
"82","Tarn-et-Garonne",19235.8333333333,0.2594764286,20140,0.26,21520,0.258,2.03888399986963,3.09465982923482,1.68193795923595,1.83993696809163,1.87618546786585,2.02753623188406,3.05429864253394,1.67576961271102,1.82262443438914,1.86567164179104,2.01900882552614,3.01959114139693,1.64730483271375,1.83304940374787,1.82262210796915,0.0889610303088277,0.482482512497353,0.677874791366779,0.440510094875108,0.233288823127715,2.38801160604535,0.00798025454080987,0,1.69017658323569,6.00928569599763,0.0771380905417216,0.305079385292646,0.614798004613872,0.430543425199057,0.734655587874391,2.31163630873527,0.00686751343616924,0,1.62567904284553,6.10639735853865,0.0314576953396295,0.497226937054151,1.04558151770104,0.447771778371796,0.889265101280088,2.10336156444665,0.0063911126454578,0,1.11638877618404,6.13744448302286
"83","Var",20764.3333333333,0.2845741007,21590,0.289,23120,0.29,2.18620991253644,3.47496754419358,1.78591495031544,1.94576317510518,2.00480793489465,2.16201117318436,3.42627345844504,1.77582213987957,1.92940125111707,1.9854997410668,2.15692711753119,3.39427127211457,1.74264705882353,1.94776748104465,1.94920174165457,0.0529249755476614,0.253453584962273,0.574515954353438,0.361210348219044,0.244097382266314,1.82036159054384,0.0229739124838018,0.0248677134667441,0.0712688554134374,3.42567431725655,0.0457741855689538,0.179349296349558,0.537699082695564,0.367801080469703,0.14236298286885,1.75385585938263,0.0229623217024951,0.0263691226704714,0.0701789067689796,3.14635283847721,0.00946889983325289,0.264442142224467,0.636426589873182,0.295607837853023,0.373917646323666,2.18038393458959,0.0116701597078298,0.0107695504177887,0.0866592922005948,3.8693460530234
"84","Vaucluse",19203.8095238095,0.2841564769,19880,0.285,21370,0.288,2.21043676247368,3.48155654641265,1.7890200357072,1.9460690640261,2.02086192698326,2.20414428242517,3.44282945736434,1.78722334004024,1.92635658914729,2.01075268817204,2.211247296323,3.43196347031963,1.75854000935891,1.95159817351598,1.9799789251844,0.0947738615009342,0.655061243647531,0.71648714373315,0.48344760195301,0.167792084965203,2.24479054048175,0.0482325551697773,0,0.20838094272826,4.61896597417961,0.082775437276903,0.492878465285293,0.664592584465176,0.478053550468778,0.267460510081657,2.18795521688619,0.0484230831832601,0,0.207545788163591,4.42968463581085,0.0128107749862858,1.6417495308416,0.844231717207424,0.425127435974737,0.506345264585042,2.10027690631219,0.0235852180162361,0,0.164737255327904,5.71886410325142
"85","Vendée",20390,0.2268963202,21320,0.229,22790,0.23,1.78323648529671,2.5676405021706,1.59003142426389,1.61483632523759,1.72726375816413,1.76581089542893,2.53759398496241,1.58302063789869,1.60300751879699,1.71406805485018,1.7612638970158,2.51830985915493,1.56910925844669,1.60492957746479,1.69719981015662,0.223370919493043,1.19250058941471,0.802349096128967,0.626188663754389,0.12535947720152,2.18450809673453,0.0146418913805231,0,3.20331110168327,8.37222983579096,0.192664970407672,0.932921112304377,0.68870464998406,0.558515849914579,0.16554268019262,2.10279933919098,0.0136618116904473,0,3.08486964596749,7.73968005965222,0.00825807228044994,0.926762087132671,1.19022601925038,0.498218631875155,0.184388146874879,2.39490073849552,0.0125079056164261,0,2.89451876396008,8.10978036548556
"86","Vienne",20077.3333333333,0.252957672,20900,0.254,22220,0.254,1.97691960467547,3.02465815286328,1.68035448119125,1.80001195385811,1.85470242094761,1.96238030095759,2.99655172413793,1.66315789473684,1.80172413793103,1.83236689509752,1.96186166774402,2.99178981937603,1.63996399639964,1.82430213464696,1.8039603960396,0.134088450603928,0.721039523265122,0.962393744479683,0.631165439424812,0.152039968610788,2.88043161984445,0.0277204352735913,0.00941225063325372,2.8098109643568,8.32810239649243,0.116869410697838,0.486882424697976,0.871745794591986,0.630463418958717,0.427213542843107,2.81135960816828,0.0264532452514903,0.00983252690365129,2.78165114557326,8.16247111768631,0.0294984832784535,0.558266134385568,1.60780975997497,0.608993212268886,0.564295125108561,1.91530538470175,0.0185256657909749,0.00383912025763817,2.06184055568379,7.36837344145059
"87","Haute-Vienne",20136,0.2589228989,20860,0.261,22140,0.26,2.02973077668022,3.1486524034454,1.68831942789035,1.86496248958044,1.87463812470016,2.01540616246499,3.10017730496454,1.67641418983701,1.84929078014184,1.8551724137931,2.02130492676431,3.09067796610169,1.64724480578139,1.87627118644068,1.81895261845387,0.12189420074376,1.1530383435993,1.05490887918833,0.589719893823184,0.323522977199965,2.44842636515915,0.0685254346978935,0.0468052631006972,2.59166783207784,8.39850918959012,0.107118886028811,0.830210947154437,0.954838792724054,0.550800107178938,0.0709536453660365,2.4051363894736,0.0693760119318227,0.0492992001237832,2.51571636822511,7.55345034820659,0.020034509972988,0.911222883333761,1.67187488096413,0.566900690812578,0.339188508293418,1.95295957758049,0.0392550038373608,0.0194064760041981,2.3469692711219,7.86781180192082
"88","Vosges",19383.3333333333,0.2505888319,20240,0.252,21550,0.253,1.9644148502267,2.97013073449013,1.652932072227,1.79688614214404,1.82872907153729,1.9429978888107,2.90052356020942,1.64229249011858,1.76614310645724,1.80947196516059,1.9438202247191,2.90421139554088,1.63201856148492,1.7795210569777,1.79255861365953,0.253666578398918,1.62789697839974,1.1524698229334,0.611837206707448,0.22257690456541,2.58225230114898,0.0227069248525834,0,2.2022473009662,8.67565401797268,0.273916266592686,1.40829071450812,0.963538380314027,0.61458700801908,0.18367456387779,2.54856420691453,0.0214818328703743,0,2.26247389485395,8.27652686795056,0.0817055074178973,1.72893095104151,1.67069753700529,0.659393495609373,0.318643631006729,1.937853998519,0.0196754270599259,0,2.5102057866202,8.92710633427992
"89","Yonne",19975.3846153846,0.2525272866,20800,0.254,21940,0.253,1.97673210161663,3.00578454659774,1.65683918669131,1.81416794746402,1.83140886117977,1.9552033080634,2.95008605851979,1.64807692307692,1.79001721170396,1.81760339342524,1.96010464355788,2.93617021276596,1.63536918869644,1.79541734860884,1.79939819458375,0.144054075118688,0.737092298300363,1.01808471592812,0.629633725842749,0.147229919937413,3.37815507908342,0.049948429155884,0.0151027028813782,2.56923615731991,8.68853710356792,0.12712692540977,0.525017016938715,0.889762416666294,0.566640963119915,0.571612660389307,3.33174959460683,0.0467422635115786,0.0140362889159786,2.58092875041934,8.65361687997773,0.0110676247222314,0.727790665795042,1.84684593637562,0.594982648415509,0.649906866880789,2.38619063556025,0.0473462454816643,0.0126570390240789,1.85237074338485,8.12915840564003
"90","Territoire de Belfort",20931.3333333333,0.2703869075,21860,0.269,22920,0.276,2.159360359499,3.34060598765153,1.76779097790659,1.88970643554673,1.98070076130472,2.13424657534247,3.2916307161346,1.7451967063129,1.88610871440897,1.94841675178754,2.18363273453094,3.39001692047377,1.74825479930192,1.93908629441624,1.95272904483431,0.153009371615555,0.756108970683949,1.04414823717518,0.809440946406808,0.106763376530844,1.90897796454873,0.0101806255892426,0,0.483515656244005,5.27214514879431,0.135934934436544,0.551579548117553,0.932969012418331,0.677559324167959,0.0227807284610087,1.89482461072118,0.00917174945692292,0,0.487527690726982,4.71234759850648,0.00778214692961202,0.380094950479122,1.88593912023795,0.848535188204529,0.487642955854018,2.24271337363885,0.00841267012397271,0,0.474453787247437,6.33557419271549
"91","Essonne",23126.8,0.2788919398,23920,0.282,25040,0.28,2.2586768627703,3.57312594079278,1.75955168894962,2.03070245860512,1.98860382153154,2.248046875,3.55050505050505,1.7633779264214,2.01346801346801,1.98962264150943,2.23,3.52563059397884,1.73043130990415,2.03742880390561,1.95356176735798,0.0875910385500427,0.429246643833943,0.995445713466276,0.6283060225955,0.249963510145547,1.6321528050991,0.609402215601186,0.867431147595446,0.108662483608181,5.60820158049523,0.076058455584234,0.30209901588375,0.870128380151825,0.578635832526382,0.22209103699404,1.58322674690945,0.636497319762857,0.902474159847965,0.107015475816618,5.27822642347713,0.00974310722328212,0.437776567245553,0.954033958836416,0.571339742018138,0.54654596104971,1.27665393409088,0.310337153695961,0.795653902021072,0.0615072368457274,4.96359156302673
"92","Hauts-de-Seine",26571.3333333333,0.360931461,28040,0.372,29720,0.372,2.81392069977557,4.9303567407598,2.13638758561859,2.30780068839065,2.50316018461357,2.82475490196078,4.95744680851064,2.160485021398,2.29459901800327,2.52838063439065,2.78558977338757,4.93070866141732,2.10699865410498,2.34015748031496,2.45857872006282,0.150612185958323,0.707555893173137,1.05452172682517,0.693526091738389,0.187872733799117,0.757108325160393,0.00746059336360948,0.0016737408297152,0.000178147850729953,3.56050943869858,0.130438226558004,0.503581851097549,0.93243616520197,0.604190600291838,0.0153277481696148,0.728153649578369,0.00623084326866949,0.00152657662965612,3.86147160685879e-05,2.92192427551174,0.0778602995496579,1.14797803911985,0.979258217037741,0.603384619055874,0.295535647854224,1.18602206195425,0.00606598276827033,0.00134632388882565,5.10266870972195e-05,4.29750221791579
"93","Seine-Saint-Denis",16996.25,0.2988059574,17740,0.298,19020,0.303,2.45239091684104,3.85974197816738,1.9222122527028,2.00796866877747,2.21069583850231,2.42692648361382,3.81144781144781,1.91431792559188,1.99102132435466,2.19663648124191,2.44974874371859,3.8961038961039,1.89274447949527,2.05844155844156,2.18181818181818,0.0686128254627713,0.373463259937985,0.871993254204426,0.578040953818895,0.179288694818183,0.877170053828074,0.0553601545496074,1.13340330444485,0.00108630091368099,4.13841880197847,0.0590536433908501,0.28212095375284,0.752288410797096,0.580999723087799,0.0152425689435376,0.839849509502268,0.0559512840344552,1.16910518761695,0.00144577269899382,3.75605705382479,0.0401756785286649,0.497514740985025,0.776215051000342,0.570819985663192,0.3587574236152,1.38174046788916,0.0408843847387371,0.373302841301079,0.000348743447185075,4.03975931716858
"94","Val-de-Marne",21958,0.31570915,22880,0.32,24270,0.322,2.53345231898069,4.19831776207938,1.9529274502405,2.14975613229378,2.24413255516071,2.52025586353945,4.16126042632067,1.96241258741259,2.12048192771084,2.25401606425703,2.51929587000677,4.18660714285714,1.93201483312732,2.16696428571429,2.22438330170778,0.0591642514684263,0.3747295634841,1.0049829000702,0.653350308714249,0.175984386559639,0.851141869873368,0.231290811023981,0.325969377068597,0.000628603093155076,3.67724207135571,0.0510510297216372,0.290135898495295,0.932855563850431,0.564519007520827,0.0209968433524938,0.814895278302329,0.239499957247016,0.336770016106819,0.000624696369324556,3.25134829096617,0.00589642943827324,0.46323190435002,1.00518910472995,0.597377821999377,0.739224270623396,1.03489517586974,0.118506370930729,0.296903851458436,0.000688263518553242,4.26191319291848
"95","Val-d'Oise",21259.3333333333,0.2850855211,21970,0.288,23290,0.288,2.32926889961678,3.68520181051974,1.79132616262661,2.05724780188336,2.04371459237482,2.32178932178932,3.66232558139535,1.79198907601274,2.04372093023256,2.04095386210472,2.31456043956044,3.66159355416294,1.75611850579648,2.08504923903312,2.00097847358121,0.0739271693992984,0.370790728442213,1.03259848081036,0.607205976983409,0.22299710952425,1.25354549212847,0.141893314090083,2.9836078328516,0.0766809680999118,6.76324707232959,0.0637883238273412,0.276877085396096,0.9111044049578,0.555989231116775,0.603363014106133,1.19996613778445,0.145234697326527,3.08498015499969,0.0749869358806783,6.91628998539549,0.00781590717859198,0.470829222968257,0.992732504282047,0.568563176338961,1.01085766704081,1.13287668031732,0.103868382950202,0.983434035862275,0.0494546000395754,5.32043217697804
